Country Name,Country Code,2001,2002,2003,2004,2005,2006,2007,2008,2009,2010,2011,2012,2013,2014,2015,2016,2017,2018,2019,2020
Aruba,ABW,1920111732,1941340782,2021229050,2228491620,2330726257,2424581006,2615083799,2745251397,2498882682,2390502793,2549720670,2534636872,2727849721,2790849162,2962905028,2983636872,3092430168,3202188607,,
Africa Eastern and Southern,AFE,2.5866E+11,2.64708E+11,3.52443E+11,4.38565E+11,5.11898E+11,5.75569E+11,6.60774E+11,7.07853E+11,7.12054E+11,8.4681E+11,9.42711E+11,9.49849E+11,9.6356E+11,9.83749E+11,9.18647E+11,8.72023E+11,9.84256E+11,1.01172E+12,1.00838E+12,9.18815E+11
Afghanistan,AFG,,4055179566,4515558808,5226778809,6209137625,6971285595,9747879532,10109305183,12416161049,15856678596,17805113119,19907317066,20146404996,20497126770,19134211764,18116562465,18753469630,18053228579,18799450743,20116137326
Africa Western and Central,AFW,1.48012E+11,1.76933E+11,2.04642E+11,2.5409E+11,3.10554E+11,3.93297E+11,4.61778E+11,5.66426E+11,5.06996E+11,5.91583E+11,6.70963E+11,7.27571E+11,8.20788E+11,8.51487E+11,7.6073E+11,6.90543E+11,6.83742E+11,7.41692E+11,7.94572E+11,7.84588E+11
Angola,AGO,8936063723,15285594828,17812705294,23552052408,36970918699,52381006892,65266452081,88538611205,70307163678,83799496611,1.1179E+11,1.28053E+11,1.3671E+11,1.45712E+11,1.16194E+11,1.01124E+11,1.22124E+11,1.01353E+11,89417190341,58375976293
Albania,ALB,3922100794,4348068242,5611496257,7184685782,8052073539,8896072919,10677324144,12881353508,12044208086,11926922829,12890764531,12319830437,12776220507,13228147516,11386850130,11861199831,13019689337,15156432310,15400242875,14887629268
Andorra,AND,1546926174,1755910032,2361726862,2894921778,3159905484,3456442103,3952600602,4085630584,3674409558,3449966857,3629203786,3188808943,3193704343,3271808157,2789870188,2896679212,3000180750,3218316013,3155065488,
Arab World,ARB,7.98335E+11,8.02951E+11,8.87663E+11,1.05602E+12,1.29762E+12,1.53282E+12,1.78913E+12,2.25368E+12,1.97389E+12,2.30259E+12,2.49155E+12,2.72899E+12,2.78752E+12,2.81861E+12,2.45201E+12,2.40096E+12,2.45507E+12,2.71793E+12,2.7632E+12,2.43629E+12
United Arab Emirates,ARE,1.03312E+11,1.09816E+11,1.24346E+11,1.47824E+11,1.80617E+11,2.22117E+11,2.57916E+11,3.15475E+11,2.53547E+11,2.89787E+11,3.50666E+11,3.74591E+11,3.90108E+11,4.03137E+11,3.58135E+11,3.57045E+11,3.85606E+11,4.22215E+11,4.17216E+11,3.58869E+11
Argentina,ARG,2.68697E+11,97724004252,1.27587E+11,1.64658E+11,1.98737E+11,2.32557E+11,2.87531E+11,3.61558E+11,3.32976E+11,4.23627E+11,5.30163E+11,5.45982E+11,5.52025E+11,5.2632E+11,5.94749E+11,5.57531E+11,6.43629E+11,5.2482E+11,4.51932E+11,3.89288E+11
Armenia,ARM,2118467913,2376335048,2807061009,3576615240,4900469950,6384451606,9206301700,11662040714,8647936748,9260284938,10142111334,10619320049,11121465767,11609512940,10553337673,10546135160,11527458566,12457941907,13619291361,12641209802
American Samoa,ASM,,512000000,524000000,509000000,500000000,493000000,518000000,560000000,675000000,573000000,570000000,640000000,638000000,643000000,673000000,671000000,612000000,639000000,648000000,709000000
Antigua and Barbuda,ATG,800481481.5,814381481.5,856396296.3,919729629.6,1022962963,1157662963,1312759259,1370070370,1228329630,1148700000,1137637037,1199948148,1181448148,1249733333,1336692593,1436585185,1467977778,1605944444,1687533333,1370281481
Australia,AUS,3.79084E+11,3.95343E+11,4.67391E+11,6.14166E+11,6.95075E+11,7.47556E+11,8.53955E+11,1.05513E+12,9.28043E+11,1.14759E+12,1.39791E+12,1.54651E+12,1.57634E+12,1.4675E+12,1.35053E+12,1.20669E+12,1.32688E+12,1.42853E+12,1.39195E+12,1.32784E+12
Austria,AUT,1.97338E+11,2.13378E+11,2.61696E+11,3.00904E+11,3.15974E+11,3.35999E+11,3.88691E+11,4.30294E+11,4.00172E+11,3.91893E+11,4.3112E+11,4.09425E+11,4.30069E+11,4.41996E+11,3.81818E+11,3.95569E+11,4.1623E+11,4.54946E+11,4.45012E+11,4.33258E+11
Azerbaijan,AZE,5707720391,6235856820,7276753895,8680370408,13245716099,20982986344,33050343783,48852482960,44291490421,52909294792,65951627200,69683935845,74164435946,75244294275,53074370486,37867518957,40865558912,47112941176,48174235294,42607176471
Burundi,BDI,876794723.1,825394490.2,784654423.6,915257323.4,1117113046,1273375020,1356199365,1611835902,1781455092,2032135247,2235820868,2333308099,2451625333,2705783272,3104394858,2732808557,2748180474,2668495743,2631434363,2841786382
Belgium,BEL,2.36541E+11,2.57158E+11,3.17382E+11,3.68537E+11,3.85571E+11,4.07918E+11,4.70324E+11,5.15224E+11,4.81346E+11,4.80952E+11,5.22646E+11,4.96181E+11,5.21643E+11,5.34678E+11,4.6215E+11,4.7574E+11,5.01523E+11,5.43008E+11,5.35289E+11,5.21861E+11
Benin,BEN,3666222600,4194342849,5349258334,6190270756,6567654494,7034111651,8169048690,9787735426,9738626993,9535344283,10693321954,11141358945,12517845732,13284528654,11388160958,11821066153,12701654743,14262407012,14391686633,15651545332
Burkina Faso,BFA,3190371050,3622350204,4740768355,5451688868,6146352742,6547420134,7625723124,9451436359,9450697336,10109618964,12080296644,12561016091,13444301139,13943016924,11832159276,12833363370,14106956830,15890065020,16178162030,17933606353
Bangladesh,BGD,53991289844,54724081491,60158929188,65108544250,69442943089,71819083684,79611888213,91631278239,1.02478E+11,1.15279E+11,1.28638E+11,1.33356E+11,1.4999E+11,1.72885E+11,1.95079E+11,2.21415E+11,2.49711E+11,2.74039E+11,3.02571E+11,3.23057E+11
Bulgaria,BGR,14183497963,16402846413,21144983552,26157894737,29869283400,34379808889,44405101470,54438966420,52023504656,50682061053,57678241024,54300857424,55810138436,57082011260,50781996713,53953897624,59199447421,66363422450,68915416142,69889347433
Bahrain,BHR,8976196809,9593510638,11074813830,13150159574,15968723404,18504760638,21730000000,25710904255,22938218085,25713271277,28776595745,30749308511,32539468085,33387712766,31050638298,32234973404,35473776596,37801462766,38652579787,34729228723
"Bahamas, The",BHS,8317830000,8881160000,8870090000,9055290000,9836200000,10167250000,10618340000,10526000000,9981960000,10095760000,10070450000,10720500000,10494600000,11142900000,11890600000,11992600000,12359700000,12837800000,13164400000,9907500000
Bosnia and Herzegovina,BIH,5800774717,6728771314,8498560902,10157553968,11222953335,12864610863,15778767411,19112739398,17613836527,17176781046,18644723854,17221192466,18172335776,18560861389,16219819017,16914287349,18079075771,20177409351,20201323260,19946496563
Belarus,BLR,12354820144,14594249023,17827791321,23144351852,30207567317,36954312354,45277399814,60763483146,50874078052,57222490769,61757788945,65685102555,75527984234,78813839984,56454734397,47722657821,54726595249,60031262269,64409647194,60258239056
Belize,BLZ,868358750,925197950,983575600,1051386600,1102564900,1210603750,1271598050,1351338650,1317309450,1377177100,1460797903,1522897506,1579411253,1667335061,1721700991,1789304088,1858529677,1915899787,1982518541,1636280797
Bermuda,BMU,3680483000,3937228000,4186525000,4484703000,4868136000,6144000000,6767000000,6980000000,6656000000,6634526000,6312691000,6378188000,6465756000,6413988000,6654541000,6899911000,7142316000,7224329000,7484113000,6842700000
Bolivia,BOL,8141537938,7905485216,8082364868,8773451739,9549077869,11451869165,13120183157,16674324634,17339992165,19649631314,23963033431,27084497483,30659338880,32996188013,33000198248,33941126200,37508642165,40287647930,40895322844,36572764863
Brazil,BRA,5.59984E+11,5.09795E+11,5.58234E+11,6.69289E+11,8.91634E+11,1.10763E+12,1.39711E+12,1.69586E+12,1.667E+12,2.20884E+12,2.61616E+12,2.46523E+12,2.47282E+12,2.45604E+12,1.80221E+12,1.79569E+12,2.06351E+12,1.91693E+12,1.87782E+12,1.44473E+12
Barbados,BRB,3054500000,3106500000,3209500000,3444500000,3819500000,4217500000,4674000000,4785000000,4465500000,4530000000,4657500000,4610000000,4677000000,4696500000,4715000000,4830000000,4978000000,5086500000,5209000000,4418000000
Brunei Darussalam,BRN,5601090584,5843329108,6557333085,7872333215,9531402848,11470703002,12247694247,14393099069,10732366286,13707370737,18525319978,19047940301,18093829923,17098342541,12930394938,11400854268,12128104859,13567351175,13469422959,12005825770
Bhutan,BTN,461444513.7,520849551.5,604041957.9,682523857,796938120.2,874989895.6,1168308517,1227808791,1234014292,1547991318,1777101317,1781281282,1756215665,1907090813,2003598213,2158972129,2450364928,2446866405,2535657069,2315437338
Botswana,BWA,5489608300,5438857107,7511582173,8957467707,9918907108,10137883299,10939053365,10945070442,10267133178,12786654498,15351972361,14380004175,14901750991,15654660710,13578754072,15082578065,16088437675,16914245098,16593720656,15061922802
Central African Republic,CAF,931833302.8,991387870.1,1139754799,1270080251,1337362392,1460561215,1697565949,1985240986,2059094048,2142591376,2437982840,2510126699,1691544192,1894813505,1695825708,1825018191,2072349794,2220978978,2220307369,2380087758
Canada,CAN,7.38982E+11,7.60649E+11,8.95541E+11,1.02669E+12,1.17311E+12,1.31926E+12,1.46882E+12,1.55299E+12,1.37463E+12,1.61734E+12,1.79333E+12,1.82837E+12,1.8466E+12,1.80575E+12,1.55651E+12,1.52799E+12,1.64927E+12,1.72185E+12,1.74158E+12,1.64404E+12
Central Europe and the Baltics,CEB,4.68798E+11,5.28225E+11,6.34036E+11,7.63111E+11,8.86826E+11,1.00287E+12,1.26663E+12,1.53232E+12,1.29034E+12,1.31803E+12,1.44911E+12,1.35332E+12,1.42272E+12,1.46565E+12,1.29297E+12,1.32141E+12,1.46392E+12,1.64533E+12,1.67386E+12,1.65326E+12
Switzerland,CHE,2.87227E+11,3.10176E+11,3.63063E+11,4.05531E+11,4.20545E+11,4.43802E+11,4.93537E+11,5.70304E+11,5.582E+11,6.03434E+11,7.22038E+11,6.9211E+11,7.12748E+11,7.34397E+11,7.0215E+11,6.95601E+11,7.04479E+11,7.35539E+11,7.31767E+11,7.52248E+11
Channel Islands,CHI,6232906290,6663669065,7332244898,8553643354,8827272727,9676172953,11514605842,,,,,,,,,,,,,
Chile,CHL,70979923960,69736811435,75643459840,99210392858,1.22965E+11,1.54788E+11,1.73606E+11,1.79638E+11,1.72389E+11,2.18538E+11,2.52252E+11,2.67122E+11,2.78384E+11,2.60542E+11,2.43919E+11,2.5044E+11,2.77035E+11,2.97572E+11,2.79385E+11,2.5294E+11
China,CHN,1.3394E+12,1.47055E+12,1.66029E+12,1.95535E+12,2.28597E+12,2.75213E+12,3.55034E+12,4.59431E+12,5.1017E+12,6.08716E+12,7.5515E+12,8.53223E+12,9.57041E+12,1.04757E+13,1.10616E+13,1.12333E+13,1.23104E+13,1.38948E+13,1.42799E+13,1.47227E+13
Cote d'Ivoire,CIV,16810536884,18054384023,21251755294,23510577108,24036917017,25281414473,28760092035,34078243426,33886814907,34936305297,36693712825,36302305578,42760237561,35363533866,45814637971,47964234560,51588158718,58011466451,58539424930,61348579465
Cameroon,CMR,10953485244,12417251816,15970315751,18826215278,19509850837,20910513975,23928251334,27715144580,27932971683,27507499709,30630912185,30155064574,33728622819,36386546918,32210232912,33814337900,36098550142,39973839065,39670977333,40804449726
"Congo, Dem. Rep.",COD,7438189100,8728038525,8937567060,10297483481,11964484668,14451902468,16737071816,19788515874,18648373312,21565720044,25839749199,29306235826,32679745298,35909040266,37917704900,37134799975,38019265626,47146004587,50400747050,48716960860
"Congo, Rep.",COG,2796704577,3034251042,3503723245,4656975223,6647357442,8065134528,8771102025,11602893043,9684321633,13135580695,15634897273,17693924573,17953617927,17889079958,11885478502,10215989995,11090177747,13670036996,12750339023,10187122341
Colombia,COL,98211749596,97963003805,94641378693,1.17082E+11,1.45619E+11,1.61619E+11,2.06182E+11,2.42187E+11,2.32398E+11,2.86563E+11,3.34944E+11,3.70921E+11,3.82116E+11,3.81112E+11,2.93482E+11,2.82825E+11,3.11884E+11,3.34198E+11,3.2343E+11,2.71438E+11
Comoros,COM,378512003.4,425964697.4,546885185,633706149.3,653845122.9,698431827.7,795673128.5,915659192.8,905341090.6,907978723.5,1023086184,1015843369,1116224161,1149587652,966029542,1012835518,1077439663,1188797575,1192559739,1235400352
Cabo Verde,CPV,563024383.3,620974660.2,813963830.2,924318490.8,971977088.2,1107891063,1513933983,1789333749,1711817182,1664310770,1865915544,1741809809,1850470042,1859898513,1596800287,1662998678,1768319144,1966503223,1981845741,1703698677
Costa Rica,CRI,15976174337,16578820687,17271760507,18610594846,20040642477,22715540324,26884700345,30801744881,30745712007,37658614803,42762617082,47231651863,50949672206,52016408951,56441917653,58847016045,60516043590,62420165100,64072870932,61846895121
Caribbean small states,CSS,35249133311,36990732762,39545920854,43259612458,48918948094,55671360538,61875369660,70340114413,59411440870,64524447018,69668271733,72051115324,73345409464,74470922980,73243299833,69598702058,71693634217,75312833438,76173669481,66039332389
Cuba,CUB,31682400000,33590500000,35901200000,38203000000,42643836100,52742800000,58603900000,60806300000,62080000000,64328000000,68990000000,73141000000,77148000000,80656000000,87133000000,91370000000,96851000000,1.0005E+11,1.03428E+11,1.07352E+11
Curacao,CUW,,,,,,,,,,,3038699609,3131096089,3147616201,3158406034,3151910782,3122287933,3116610112,3127908045,3101787709,2595821709
Cayman Islands,CYM,,,,,,4200439458,4466438858,4586114125,4281868715,4156990760,4186223809,4291159006,4405954638,4563017881,4708336733,4909498980,5166467299,5522625585,5935769351,5591623665
Cyprus,CYP,10397897086,11420227885,14547325028,17320552500,18433411267,20072786351,23968764030,27844698989,25945391775,25732432719,27565469098,24978513427,23900872626,23156850007,19842404305,20953442550,22870833710,25522671233,25758357775,24612646488
Czech Republic,CZE,67808032980,82196001051,1.0009E+11,1.19814E+11,1.37143E+11,1.56264E+11,1.90184E+11,2.36816E+11,2.07434E+11,2.0907E+11,2.29563E+11,2.08858E+11,2.11686E+11,2.09359E+11,1.88033E+11,1.96272E+11,2.18629E+11,2.4895E+11,2.52498E+11,2.45349E+11
Germany,DEU,1.94411E+12,2.06862E+12,2.49613E+12,2.80919E+12,2.8458E+12,2.9922E+12,3.42123E+12,3.73003E+12,3.39779E+12,3.39635E+12,3.74441E+12,3.52734E+12,3.73274E+12,3.88392E+12,3.35624E+12,3.4675E+12,3.68173E+12,3.97535E+12,3.88833E+12,3.84641E+12
Djibouti,DJI,572417440.8,591122039.6,622044665.5,666072101.8,708633194.7,768873684,847918929.1,999105339.3,1049110685,1128611700,1239144502,1353632942,2042817163,2214679081,2430274292,2603540257,2751445574,3012803457,3324615549,3384385217
Dominica,DMA,340203703.7,333196296.3,343311111.1,367200000,364255555.6,390251851.9,421374074.1,458188888.9,489074074.1,493825925.9,501025925.9,485996296.3,498296296.3,520207407.4,540737037,576229629.6,519837037,550622222.2,611537037,504214814.8
Denmark,DNK,1.64791E+11,1.78635E+11,2.18096E+11,2.51373E+11,2.64467E+11,2.82885E+11,3.19423E+11,3.53361E+11,3.21241E+11,3.21995E+11,3.44003E+11,3.27149E+11,3.43584E+11,3.52994E+11,3.02673E+11,3.13116E+11,3.32121E+11,3.56841E+11,3.47561E+11,3.56085E+11
Dominican Republic,DOM,25601765401,27137508657,21403167848,22322395368,35777570136,37879869898,43965420072,48122547177,48261033298,53860175556,58029750746,60681537196,62682163837,67179914027,71164825257,75704720190,79997975622,85555378043,88941299734,78844702329
Algeria,DZA,54744712815,56760355865,67863828413,85332581189,1.03198E+11,1.17027E+11,1.34977E+11,1.71001E+11,1.37211E+11,1.61207E+11,2.00013E+11,2.09059E+11,2.09755E+11,2.1381E+11,1.65979E+11,1.60034E+11,1.70097E+11,1.74911E+11,1.71767E+11,1.45009E+11
East Asia & Pacific (excluding high income),EAP,2.29512E+12,2.72189E+12,3.3697E+12,4.10506E+12,4.95808E+12,6.20192E+12,8.24616E+12,1.08461E+13,1.20461E+13,1.44009E+13,1.74634E+13,1.07745E+13,1.18283E+13,1.27512E+13,1.32812E+13,1.35602E+13,1.48193E+13,1.6575E+13,1.71354E+13,1.74489E+13
Early-demographic dividend,EAR,3.80007E+12,3.93673E+12,4.6849E+12,5.64589E+12,6.77609E+12,8.0874E+12,1.01806E+13,1.23817E+13,1.28148E+13,1.5335E+13,1.74972E+13,1.01515E+13,1.02509E+13,1.06034E+13,1.00824E+13,1.03078E+13,1.11376E+13,1.12148E+13,1.15273E+13,1.06682E+13
East Asia & Pacific,EAS,8.23472E+12,8.58723E+12,9.75422E+12,1.11761E+13,1.22571E+13,1.34889E+13,1.58396E+13,1.90728E+13,2.01799E+13,2.35735E+13,2.76051E+13,2.11871E+13,2.13676E+13,2.20384E+13,2.19514E+13,2.27207E+13,2.42685E+13,2.64163E+13,2.69815E+13,2.70974E+13
Europe & Central Asia (excluding high income),ECA,6.95454E+11,7.96769E+11,1.00502E+12,1.33099E+12,1.68805E+12,2.07208E+12,2.68405E+12,3.32469E+12,2.6119E+12,3.11937E+12,3.85333E+12,4.08533E+12,4.34102E+12,4.04579E+12,3.09913E+12,2.96586E+12,3.32988E+12,3.42399E+12,3.49393E+12,3.2224E+12
Europe & Central Asia,ECS,1.01573E+13,1.10997E+13,1.35181E+13,1.57584E+13,1.67806E+13,1.81692E+13,2.12295E+13,2.33183E+13,2.05105E+13,2.10136E+13,2.32964E+13,2.2463E+13,2.34775E+13,2.3794E+13,2.05086E+13,2.04456E+13,2.16489E+13,2.32173E+13,2.29349E+13,2.21268E+13
Ecuador,ECU,24468324000,28548945000,32432858000,36591661000,41507085000,46802044000,51007777000,61762635000,62519686000,69555367000,79276664000,87924544000,95129659000,1.01726E+11,99290381000,99937696000,1.04296E+11,1.07562E+11,1.08108E+11,98808010000
"Egypt, Arab Rep.",EGY,96684636119,85146067416,80288461538,78782467532,89600665557,1.07426E+11,1.30438E+11,1.62818E+11,1.89147E+11,2.18984E+11,2.3599E+11,2.79117E+11,2.88434E+11,3.05595E+11,3.29367E+11,3.32442E+11,2.35734E+11,2.49713E+11,3.03081E+11,3.65253E+11
Euro area,EMU,6.59067E+12,7.16611E+12,8.84296E+12,1.01419E+13,1.05197E+13,1.11748E+13,1.28629E+13,1.41012E+13,1.28879E+13,1.26291E+13,1.36197E+13,1.26389E+13,1.31917E+13,1.3491E+13,1.16697E+13,1.19645E+13,1.26462E+13,1.36922E+13,1.34138E+13,1.30212E+13
Eritrea,ERI,752368495.5,729321366.7,870247703.2,1109054005,1098425901,1211161880,1317974491,1380188800,1856695551,1589515447,2065001626,,,,,,,,,
Spain,ESP,6.27287E+11,7.05394E+11,9.05492E+11,1.06709E+12,1.15329E+12,1.25934E+12,1.47213E+12,1.62522E+12,1.48558E+12,1.42072E+12,1.47877E+12,1.32482E+12,1.35476E+12,1.3694E+12,1.19512E+12,1.23208E+12,1.3093E+12,1.4203E+12,1.39305E+12,1.28148E+12
Estonia,EST,6254649539,7367975888,9874013098,12145911801,14106790200,17022870405,22449129483,24341678629,19633031398,19523477326,23183616046,23020466785,25108615092,26598657881,22881558192,24056487771,26857880622,30474612057,31045591753,30650285472
Ethiopia,ETH,8231326016,7850809498,8623691300,10131187261,12401139454,15280861835,19707616773,27066912635,32437389116,29933790334,31952763089,43310721414,47648211133,55612228234,64589334979,74296618481,81770791971,84269348327,95912590628,1.07645E+11
European Union,EUU,7.38817E+12,8.05002E+12,9.91255E+12,1.14006E+13,1.1907E+13,1.27047E+13,1.47126E+13,1.62406E+13,1.47132E+13,1.45454E+13,1.57418E+13,1.46369E+13,1.5296E+13,1.56342E+13,1.35472E+13,1.38852E+13,1.47348E+13,1.59715E+13,1.56896E+13,1.52921E+13
Fragile and conflict affected situations,FCS,9.37235E+11,1.15556E+12,1.55505E+12,2.04863E+12,2.63608E+12,3.42927E+12,4.70224E+12,6.37987E+12,7.00553E+12,8.23729E+12,9.40115E+12,1.79286E+12,1.80585E+12,1.95764E+12,1.5588E+12,1.4062E+12,1.43884E+12,1.57148E+12,1.65993E+12,1.50627E+12
Finland,FIN,1.29421E+11,1.39738E+11,1.71274E+11,1.97117E+11,2.04809E+11,2.16908E+11,2.56053E+11,2.84554E+11,2.52497E+11,2.49181E+11,2.75244E+11,2.58305E+11,2.71285E+11,2.74497E+11,2.3444E+11,2.40608E+11,2.55017E+11,2.7558E+11,2.68782E+11,2.69751E+11
Fiji,FJI,1652464201,1833279985,2300453634,2708078477,2980484920,3076305453,3378314600,3523185920,2870624636,3140508836,3774530616,3972012571,4190143206,4856963230,4682546863,4930204230,5353404422,5581371848,5496264766,4533883782
France,FRA,1.37647E+12,1.49429E+12,1.84048E+12,2.11574E+12,2.19613E+12,2.31859E+12,2.65721E+12,2.91838E+12,2.69022E+12,2.64261E+12,2.86141E+12,2.68383E+12,2.81108E+12,2.85217E+12,2.43821E+12,2.47129E+12,2.58874E+12,2.78959E+12,2.72887E+12,2.63032E+12
Faroe Islands,FRO,1147654635,1262669892,1494011567,1688237552,1727792693,1984445416,2290133549,2432415998,2268387771,2320424601,2490807831,2366301252,2627049837,2850743875,2518096286,2738832687,2899226098,3051341336,3126293220,
"Micronesia, Fed. Sts.",FSM,240970900,242517200,245432900,240236000,250281900,253541900,256787200,263145100,280284600,296944100,311301600,327248700,317214400,319271200,316489900,332265200,366666800,401932300,408057100,410083600
Gabon,GAB,5023265365,5335451308,6511903657,7770219480,9582783318,10327598801,12455410056,15571349776,12113699661,14372591916,18210308748,17170465294,17595745653,18203968002,14383107714,14023890620,14929488771,16867325127,16874405840,15316826192
United Kingdom,GBR,1.64391E+12,1.78408E+12,2.05709E+12,2.42181E+12,2.54483E+12,2.71706E+12,3.10618E+12,2.93888E+12,2.4258E+12,2.49111E+12,2.67489E+12,2.71916E+12,2.80329E+12,3.08717E+12,2.95657E+12,2.72285E+12,2.69902E+12,2.90079E+12,2.87867E+12,2.7642E+12
Georgia,GEO,3219488664,3395728014,3991284895,5125365192,6410823633,7745394293,10172882371,12795076469,10766836277,12243505583,15107441447,16488403076,17189551521,17627003455,14953950557,15141758567,16242916916,17599700091,17477255562,15846489611
Ghana,GHA,5314909954,6166330136,7632406553,8881368538,10744675210,20440893017,24827844950,28678701891,26048108185,32197272797,39337314810,41270954737,62823043706,54782847753,49406568433,56165172899,60406382899,67299280680,68337537816,68532281806
Gibraltar,GIB,,,,,,,,,,,,,,,,,,,,
Guinea,GIN,2829435957,2950198649,3446441698,3635458133,2937071767,4220019243,6281917656,6964179194,6716904569,6853467858,6785137173,7638045254,8376613843,8778473615,8794202444,8595955581,10324668267,11857030337,13513809258,15681050917
"Gambia, The",GMB,687408804.6,578236035.1,487038821.6,961900106.9,1027702254,1054113427,1279704745,1561763437,1450140386,1543292393,1409694554,1415006238,1375608956,1229460602,1378176868,1484579844,1504909753,1670670669,1812529105,1868086275
Guinea-Bissau,GNB,392621385.9,417806667.1,477458598.7,532062927.4,587029054.4,592365688.1,696910810.9,868154708.5,830126470,849878424.2,1099818652,989271229.6,1046087418,1054915645,1048229629,1179004941,1350177128,1504630121,1439638443,1431758243
Equatorial Guinea,GNQ,1461139022,1806742742,2484745935,4410764339,8217369093,10086528699,13071718759,19749893536,15027795173,16314443429,21357343682,22388344124,21948834290,21765453087,13185496881,11240808847,12200913888,13097012189,11417278045,10021856754
Greece,GRC,1.36191E+11,1.53831E+11,2.01924E+11,2.40521E+11,2.47783E+11,2.73318E+11,3.18498E+11,3.54461E+11,3.3E+11,2.96835E+11,2.82626E+11,2.42043E+11,2.3884E+11,2.35145E+11,1.95605E+11,1.93017E+11,1.99351E+11,2.11946E+11,2.05144E+11,1.88835E+11
Grenada,GRD,520444185.2,540336925.9,591018407.4,599118592.6,695555555.6,698700666.7,758683592.6,825976037,771275555.6,771013259.3,778655925.9,799882259.3,842620111.1,911497407.4,997007925.9,1061640741,1125685185,1166523556,1212694407,1042100556
Greenland,GRL,1086172923,1169138789,1558753434,1822486689,1849805733,2013099482,2249811709,2499107511,2529948330,2503156061,2684467376,2609667674,2684952727,2842048998,2499115623,2707146783,2851610656,3040414278,2982247279,
Guatemala,GTM,18405203853,20444205991,21576351799,23577286227,26783543667,29744368111,33567868323,38503862831,37125943565,40676432029,46876114650,49593961142,52996540704,57852399964,62186186576,66053725049,71654134379,73208583759,77020015201,77604632171
Guam,GUM,,3394000000,3569000000,3869000000,4213000000,4238000000,4397000000,4658000000,4828000000,4949000000,4984000000,5265000000,5399000000,5610000000,5799000000,5901000000,6013000000,6060000000,6364000000,5844000000
Guyana,GUY,712167575.6,726131434.7,743064076.8,787814379.2,824880550.3,2379818383,2730971150,3025187924,3165663153,3432913073,3691384318,4063089192,4167800259,4127659492,4279840194,4482697337,4748174334,4787636237,5173760192,5471256595
High income,HIC,2.74199E+13,2.85678E+13,3.20294E+13,3.56524E+13,3.77053E+13,3.98132E+13,4.35279E+13,4.62699E+13,4.339E+13,4.5481E+13,4.90999E+13,4.91482E+13,4.97395E+13,5.08242E+13,4.80456E+13,4.90865E+13,5.13069E+13,5.45423E+13,5.50344E+13,5.33963E+13
"Hong Kong SAR, China",HKG,1.69403E+11,1.66349E+11,1.61385E+11,1.691E+11,1.8157E+11,1.93536E+11,2.11597E+11,2.1928E+11,2.14046E+11,2.28638E+11,2.48514E+11,2.62629E+11,2.75697E+11,2.91459E+11,3.09384E+11,3.20838E+11,3.41244E+11,3.61692E+11,3.63016E+11,3.46586E+11
Honduras,HND,7565854724,7775251510,8140278401,8772169959,9672023050,10841724917,12275500116,13789443623,14486159608,15729649159,17588098575,18400538859,18372173381,19618567250,20833948800,21566622850,22975415842,23900438564,24915522849,23662231634
Heavily indebted poor countries (HIPC),HPC,1.71308E+11,1.84419E+11,2.08777E+11,2.40665E+11,2.7658E+11,3.26148E+11,3.91059E+11,4.65062E+11,4.63586E+11,5.04396E+11,5.5889E+11,5.78534E+11,6.49339E+11,6.73234E+11,6.58855E+11,6.67163E+11,7.19093E+11,7.67292E+11,7.88297E+11,7.9572E+11
Croatia,HRV,23273640257,27074550258,34985749883,41958833541,45780237257,50860788253,60542673503,70750646248,63084004705,60426018629,63169910822,57192346923,58889082315,58330289757,50163192883,52295158344,56214427431,62247874949,62246206341,57203783203
Haiti,HTI,6331961555,6058134467,4826827577,6036959915,7184064657,7518107787,9522763154,10485225353,11597014807,11859315079,13008754111,13708926466,14902474091,15139264670,14833154472,13987693739,15035560373,16455034353,14785839383,14508218017
Hungary,HUN,53749989092,67608919144,85302003908,1.04141E+11,1.13237E+11,1.15751E+11,1.40228E+11,1.58374E+11,1.31114E+11,1.32231E+11,1.42E+11,1.28857E+11,1.35733E+11,1.41079E+11,1.2521E+11,1.28636E+11,1.43136E+11,1.60587E+11,1.63526E+11,1.55808E+11
IBRD only,IBD,5.92239E+12,6.01238E+12,6.75936E+12,8.05754E+12,9.63469E+12,1.14216E+13,1.41919E+13,1.70331E+13,1.65246E+13,2.00692E+13,2.36961E+13,2.51891E+13,2.66069E+13,2.75043E+13,2.57779E+13,2.59858E+13,2.86801E+13,3.04789E+13,3.11841E+13,2.99006E+13
IDA & IBRD total,IBT,6.9068E+12,7.26573E+12,8.45785E+12,1.02342E+13,1.23677E+13,1.49345E+13,1.89417E+13,2.33708E+13,2.35421E+13,2.82707E+13,3.32145E+13,2.70093E+13,2.8527E+13,2.95447E+13,2.77939E+13,2.79427E+13,3.07034E+13,3.26227E+13,3.3421E+13,3.21373E+13
IDA total,IDA,9.82004E+11,1.25265E+12,1.69892E+12,2.17784E+12,2.73489E+12,3.51633E+12,4.75565E+12,6.34738E+12,7.02845E+12,8.21423E+12,9.53316E+12,1.82018E+12,1.92005E+12,2.04042E+12,2.01521E+12,1.95676E+12,2.02439E+12,2.145E+12,2.2378E+12,2.23744E+12
IDA blend,IDB,2.06387E+11,2.28079E+11,2.56458E+11,3.12115E+11,3.73174E+11,4.66905E+11,5.38453E+11,6.39782E+11,6.06747E+11,7.09848E+11,8.14198E+11,9.00517E+11,9.77961E+11,1.04923E+12,1.01143E+12,9.42118E+11,9.25119E+11,9.66188E+11,9.98391E+11,9.61669E+11
Indonesia,IDN,1.60447E+11,1.95661E+11,2.34772E+11,2.56837E+11,2.85869E+11,3.64571E+11,4.32217E+11,5.10229E+11,5.3958E+11,7.55094E+11,8.92969E+11,9.1787E+11,9.12524E+11,8.90815E+11,8.60854E+11,9.31877E+11,1.01562E+12,1.04227E+12,1.11909E+12,1.05842E+12
IDA only,IDX,7.76349E+11,1.02592E+12,1.44469E+12,1.86871E+12,2.3656E+12,3.05452E+12,4.22481E+12,5.71836E+12,6.43404E+12,7.5188E+12,8.73573E+12,9.19776E+11,9.42089E+11,9.91194E+11,1.00377E+12,1.01464E+12,1.09927E+12,1.17881E+12,1.23941E+12,1.27646E+12
Isle of Man,IMN,1659131244,1947332922,2328658228,2822358473,3032400000,3422651334,4466100440,5928420956,5487083658,5920177689,6566098382,6690725118,7000748788,7708834951,7085288006,6846691871,6979581725,7491969313,7315388052,
India,IND,4.85441E+11,5.14938E+11,6.07699E+11,7.09149E+11,8.20382E+11,9.4026E+11,1.21674E+12,1.1989E+12,1.34189E+12,1.67562E+12,1.82305E+12,1.82764E+12,1.85672E+12,2.03913E+12,2.10359E+12,2.2948E+12,2.65147E+12,2.70111E+12,2.8705E+12,2.66025E+12
Not classified,INX,,,,,,,,,,,,,,,,,,,,
Ireland,IRL,1.09252E+11,1.27986E+11,1.64308E+11,1.94015E+11,2.11798E+11,2.31986E+11,2.69736E+11,2.74327E+11,2.35509E+11,2.2166E+11,2.38663E+11,2.2551E+11,2.38212E+11,2.58625E+11,2.91463E+11,2.98725E+11,3.34602E+11,3.84854E+11,3.99122E+11,4.25889E+11
"Iran, Islamic Rep.",IRN,1.26879E+11,1.28627E+11,1.53545E+11,1.90043E+11,2.26452E+11,2.66299E+11,3.49882E+11,4.12336E+11,4.16397E+11,4.86808E+11,5.80765E+11,5.98868E+11,4.60293E+11,4.32687E+11,3.84951E+11,4.17984E+11,4.45345E+11,2.94357E+11,2.58245E+11,2.03471E+11
Iraq,IRQ,36176430129,32928454672,21921569479,36627901762,49954890353,65140147197,88837055195,1.31614E+11,1.11658E+11,1.38517E+11,1.8575E+11,2.18002E+11,2.34638E+11,2.28416E+11,1.66774E+11,1.66602E+11,1.87218E+11,2.27367E+11,2.35097E+11,1.66757E+11
Iceland,ISL,8234846805,9318395055,11429333038,13825302536,16852963067,17465318552,21652505597,18074622987,13154414219,13751161918,15221622926,14751508134,16125060515,17867662178,17517210519,20793168031,24728285177,26267063758,24857740445,21718075725
Israel,ISR,1.30816E+11,1.21148E+11,1.27047E+11,1.35571E+11,1.42657E+11,1.54145E+11,1.79162E+11,2.16712E+11,2.07953E+11,2.34655E+11,2.62294E+11,2.58417E+11,2.94167E+11,3.10945E+11,3.00078E+11,3.19024E+11,3.55277E+11,3.73641E+11,3.97935E+11,4.07101E+11
Italy,ITA,1.16701E+12,1.27071E+12,1.57415E+12,1.80323E+12,1.85752E+12,1.94792E+12,2.21029E+12,2.39886E+12,2.19124E+12,2.13402E+12,2.29199E+12,2.08708E+12,2.14132E+12,2.15913E+12,1.8359E+12,1.8758E+12,1.95695E+12,2.09091E+12,2.00938E+12,1.88871E+12
Jamaica,JAM,9194717836,9719017926,9430230564,10174664854,11243868486,11930171468,12799593018,13709402085,12120460873,13220556883,14444655300,14807086889,14264202737,13899228824,14188935948,14077109397,14808989993,15730793853,15830768550,13812425037
Jordan,JOR,8975689845,9582453032,10195660790,11411390409,12588665303,15056929760,17110587447,22657662393,24537876056,27133804225,29524149155,31634561690,34454440141,36847643521,38587017887,39892551127,41408960845,42932112676,44502895915,43697659296
Japan,JPN,4.37471E+12,4.18285E+12,4.51956E+12,4.89312E+12,4.83147E+12,4.60166E+12,4.57975E+12,5.10668E+12,5.28949E+12,5.75907E+12,6.23315E+12,6.27236E+12,5.21233E+12,4.89699E+12,4.44493E+12,5.00368E+12,4.93084E+12,5.03689E+12,5.14878E+12,5.05776E+12
Kazakhstan,KAZ,22152694162,24636593223,30833699703,43151647003,57123671734,81003884545,1.0485E+11,1.33442E+11,1.15309E+11,1.48047E+11,1.92627E+11,2.07999E+11,2.36635E+11,2.21416E+11,1.84388E+11,1.37278E+11,1.66806E+11,1.7934E+11,1.81667E+11,1.71082E+11
Kenya,KEN,12986007426,13147743911,14904517650,16095337094,18737897745,25825524821,31958195182,35895153328,42347217913,45405587557,46869457318,56396706006,61671425370,68285768554,70120413329,74815121315,82035800868,92202956321,1.00555E+11,1.01014E+11
Kyrgyz Republic,KGZ,1525116370,1605643105,1919008090,2211534585,2460248026,2834168889,3802566171,5139957785,4690062255,4794357795,6197766119,6605139933,7335027592,7468096567,6678178340,6813092066,7702934800,8271108638,8871026074,7735976273
Cambodia,KHM,3984000517,4284028483,4658246918,5337833248,6293046162,7274595707,8639235842,10351914093,10401851851,11242275199,12829541141,14054443213,15227991395,16702610842,18049954289,20016747754,22177200512,24571753583,27089389787,25808561551
Kiribati,KIR,63101272.37,72196457.68,90231856.8,102367039.3,112133944.3,110234939.8,132671743,141042610.3,132419902,156120439.3,181705153.6,190243432.8,185114059.6,179703165.4,171117816.7,178328984.1,187276124.8,200157020.6,188391770.6,197508774.3
St. Kitts and Nevis,KNA,458643829,481077373.7,469869869.9,506900000,547203703.7,644411111.1,689285185.2,751233333.3,747862963,760170370.4,817759259.3,800414814.8,839770370.4,916566666.7,923155555.6,1008888889,1060740741,1078518519,1164814815,980740740.7
"Korea, Rep.",KOR,5.47658E+11,6.27246E+11,7.02717E+11,7.93175E+11,9.34901E+11,1.05322E+12,1.17261E+12,1.04734E+12,9.43942E+11,1.14407E+12,1.25322E+12,1.27843E+12,1.3708E+12,1.48432E+12,1.46577E+12,1.50011E+12,1.6239E+12,1.72485E+12,1.65142E+12,1.6379E+12
Kuwait,KWT,34887512227,38137545245,47876510067,59439090601,80798630137,1.01549E+11,1.1464E+11,1.47395E+11,1.05963E+11,1.15419E+11,1.54068E+11,1.7407E+11,1.74161E+11,1.62631E+11,1.14567E+11,1.0942E+11,1.20707E+11,1.38182E+11,1.36197E+11,1.0596E+11
Latin America & Caribbean (excluding high income),LAC,1.9262E+12,1.73318E+12,1.77295E+12,2.02314E+12,2.44853E+12,2.86098E+12,3.38117E+12,3.91238E+12,3.63658E+12,4.54739E+12,5.31006E+12,5.28824E+12,5.43153E+12,5.46042E+12,4.65292E+12,4.52726E+12,5.04719E+12,4.9056E+12,4.8494E+12,4.03527E+12
Lao PDR,LAO,1768619058,1758176653,2023324407,2366398120,2735558726,3455031448,4223152219,5446434032,5836138127,7131773633,8750107402,10192848926,11983252611,13279248479,14426381187,15912495369,17071162084,18141651381,18897252233,19132635712
Lebanon,LBN,17649751244,19152238806,20082918740,21159827992,21497336499,22022709852,24827355015,29118916106,35399582929,38443907042,39927125961,44035991893,46909335551,48133414840,50065946086,51389318291,53324800959,55276157552,51953744507,31735217785
Liberia,LBR,906000000,927000000,748000000,897000000,949000000,1119000000,1373000000,1726000000,1768000000,1998000000,2398000000,2791614000,3177198100,3225652000,3227075700,3398419600,3390703400,3422754800,3319596500,3201187800
Libya,LBY,34110064452,20481889764,26265625000,33122307692,47334148578,54961936663,67516236338,87140405361,63028320702,74773444901,34699395524,81873662519,65502870174,41142722414,27842131480,26197143268,37883243650,52607888718,52091152228,25418916029
St. Lucia,LCA,892592592.6,900000000,987407407.4,1066666667,1135555556,1268319185,1336088815,1437731111,1401507889,1486758037,1576988407,1605146778,1664816741,1755130815,1808079889,1865513444,1996771444,2065127259,2118791556,1616772741
Latin America & Caribbean,LCN,2.24258E+12,2.01341E+12,2.05427E+12,2.36783E+12,2.86324E+12,3.3558E+12,3.95355E+12,4.59426E+12,4.31835E+12,5.35333E+12,6.08693E+12,6.15039E+12,6.30327E+12,6.42694E+12,5.37099E+12,5.24921E+12,5.83053E+12,5.70388E+12,5.62726E+12,4.72552E+12
Least developed countries: UN classification,LDC,6.57565E+11,9.07179E+11,1.31705E+12,1.72347E+12,2.20772E+12,2.87642E+12,4.02006E+12,5.48252E+12,6.1766E+12,7.23652E+12,8.65531E+12,8.7058E+11,8.93206E+11,9.62291E+11,9.44897E+11,9.34969E+11,1.02434E+12,1.06209E+12,1.10583E+12,1.1123E+12
Low income,LIC,1.87903E+11,2.01433E+11,2.20121E+11,2.5822E+11,3.07883E+11,3.56947E+11,4.29943E+11,5.14962E+11,5.20948E+11,5.77169E+11,4.03235E+11,3.83756E+11,3.94766E+11,4.2275E+11,4.16828E+11,3.85815E+11,4.0799E+11,4.24436E+11,4.46839E+11,4.57644E+11
Liechtenstein,LIE,2491822707,2688630823,3070691320,3454362686,3659251526,4000239273,4601299567,5081432924,4504549214,5082366478,5739977477,5456009385,6391735894,6657170923,6268391521,6237264055,6474256119,6839145107,6684443550,
Sri Lanka,LKA,15749753805,16536535647,18881765437,20662525941,24405791045,28279814925,32350248411,40713812310,42066217872,56725749222,65292753005,68434409315,74317806538,79356449841,80604080689,82401038710,87428128124,87963042341,83990946939,80676681934
Lower middle income,LMC,1.98833E+12,2.32435E+12,2.94981E+12,3.61707E+12,4.4013E+12,5.48518E+12,7.23074E+12,9.07106E+12,9.83179E+12,1.17355E+13,1.37811E+13,6.28542E+12,6.34369E+12,6.58343E+12,6.45859E+12,6.73746E+12,7.24652E+12,7.34692E+12,7.73577E+12,7.38477E+12
Low & middle income,LMY,6.50692E+12,6.89391E+12,8.06544E+12,9.74522E+12,1.17665E+13,1.42268E+13,1.80756E+13,2.22913E+13,2.25675E+13,2.7144E+13,3.20776E+13,2.58262E+13,2.73169E+13,2.82245E+13,2.67959E+13,2.6944E+13,2.95948E+13,3.14112E+13,3.22187E+13,3.09912E+13
Lesotho,LSO,825706961.2,775780697.7,1157832935,1511236656,1682350935,1800105590,1682016947,1766825413,1740830511,2234731974,2579421686,2477702253,2367113170,2441053176,2359759799,2114323794,2306843529,2514146888,2366213069,1875227642
Late-demographic dividend,LTE,3.51739E+12,3.72767E+12,4.24685E+12,5.10625E+12,6.16294E+12,7.43791E+12,9.37086E+12,1.16476E+13,1.12559E+13,1.35021E+13,1.64525E+13,1.7599E+13,1.89676E+13,1.96898E+13,1.84627E+13,1.85105E+13,2.0541E+13,2.25202E+13,2.29469E+13,2.24241E+13
Lithuania,LTU,12237388002,14259781159,18781721376,22627507452,26097677572,30183575104,39697891352,47797551588,37388122046,37128694028,43535051482,42927454291,46523420074,48533659592,41418872976,43018087238,47640770634,53724663843,54697379017,56546957475
Luxembourg,LUX,21369028188,23537637869,29601904063,35000480507,37658234050,42874225317,51521903915,58604890874,54252213115,56159192758,61615545000,59779802783,65184744717,68713294386,60047430684,62174650367,65549868207,71250208996,70195715496,73353132794
Latvia,LVA,8362398702,9557031605,11771975157,14435700533,17003459863,21570076499,31054350978,35854274229,26410909091,23956163077,27474380566,28169902669,30204783462,31345148671,27252128627,28064533352,30408509602,34412210812,34308783825,33707320816
"Macao SAR, China",MAC,6860272608,7371723056,8246521717,10643215078,12160002996,14874147024,18439876056,21027044551,21587740942,28241858489,36845925519,43189526778,51536304808,54903031138,45047964934,45070605746,50440941939,55284360483,55204758070,25586111076
St. Martin (French part),MAF,,,,,,,,,,,,,,,,,,,,
Morocco,MAR,39459581217,42236836821,52064058834,59626020162,62343022651,68640825481,79041294874,92507257784,92897320376,93216746662,1.0137E+11,98266306615,1.06826E+11,1.10081E+11,1.0118E+11,1.03312E+11,1.09683E+11,1.18096E+11,1.1987E+11,1.14725E+11
Monaco,MCO,2718868306,2968987019,3601321065,4137913500,4203084194,4582988333,5867916781,6476490406,5451653237,5367625613,6088808463,5743029680,6555983530,7069616049,6261622101,6472990923,6431314957,7194024563,7423709840,
Moldova,MDA,1480673594,1661818168,1980907435,2598249556,2988348836,3408244549,4401189466,6054849885,5439422031,6974960345,8414360656,8709165249,9496684701,9510219299,7745231660,8071480541,9669759987,11456728401,11970233940,11915547263
Madagascar,MDG,5438332738,5351701534,6372498720,5064732716,5859269849,6395712392,8524620739,10725137931,9616879571,9982711338,11551819618,11578974888,12423555269,12522957228,11323020829,11848613735,13176313594,13760033097,14104664515,13056079982
Maldives,MDV,870030468.6,897031250,1052121055,1226829563,1163362438,1575200391,1868383461,2271646188,2345294875,2588176055,2774351760,2886170572,3295011382,3697351597,4109424800,4379136462,4754175869,5300962660,5607762625,3742769967
Middle East & North Africa,MEA,1.04116E+12,1.03574E+12,1.14851E+12,1.35662E+12,1.63256E+12,1.90802E+12,2.25902E+12,2.81772E+12,2.54694E+12,2.96438E+12,3.27796E+12,3.54655E+12,3.49727E+12,3.51265E+12,3.08522E+12,3.09545E+12,3.21525E+12,3.35657E+12,3.39442E+12,3.02627E+12
Mexico,MEX,7.56706E+11,7.72106E+11,7.29336E+11,7.82241E+11,8.77476E+11,9.75387E+11,1.0527E+12,1.10999E+12,9.00045E+11,1.0578E+12,1.18049E+12,1.20109E+12,1.27444E+12,1.31535E+12,1.17187E+12,1.07849E+12,1.15891E+12,1.22241E+12,1.26943E+12,1.07392E+12
Marshall Islands,MHL,122824000,131738200,131398500,132440200,136559500,141515800,148346700,151898900,149769600,160407100,172188500,180436300,184840400,182142800,183814300,201510900,213204100,221588900,239462200,244462400
Middle income,MIC,6.32485E+12,6.6989E+12,7.8516E+12,9.49397E+12,1.14667E+13,1.38785E+13,1.76547E+13,2.17863E+13,2.20566E+13,2.65763E+13,3.16713E+13,2.5443E+13,2.69221E+13,2.78024E+13,2.63804E+13,2.6558E+13,2.9186E+13,3.09856E+13,3.17711E+13,3.05353E+13
North Macedonia,MKD,3709637830,4018365247,4946292775,5682788267,6258600714,6861222332,8336478142,9909548411,9401731496,9407168702,10494632699,9745251126,10817712139,11362272838,10064515432,10672471861,11307058382,12683070061,12606338449,12263710123
Mali,MLI,3468327017,3908139487,4714051055,5454228771,6247496491,6905876385,8156532186,9838404005,10232036863,10689167195,12995113407,12442036265,13242691430,14364937997,13104764334,14026048691,15365714371,17070866299,17280251194,17465392916
Malta,MLT,4088368978,4470446391,5448415500,6098092551,6416184181,6778324050,7925371475,9090406767,8696366907,9035932122,9638916481,9462238211,10551661177,11626281387,11091434484,11721521913,13221298308,14864712990,15215714309,14647384608
Myanmar,MMR,4.53486E+11,6.8295E+11,1.06451E+12,1.43046E+12,1.85964E+12,2.47013E+12,3.52971E+12,4.8843E+12,5.58424E+12,6.5725E+12,7.89943E+12,1.13591E+11,60572254371,63264891867,63045306514,60291738935,61449391917,67144726168,68697761477,79852046611
Middle East & North Africa (excluding high income),MNA,5.37955E+11,5.23457E+11,5.71742E+11,6.79294E+11,8.02027E+11,9.29931E+11,1.13989E+12,1.40737E+12,1.37256E+12,1.57952E+12,1.56563E+12,1.69994E+12,1.57182E+12,1.54766E+12,1.38587E+12,1.4039E+12,1.38469E+12,1.32022E+12,1.34354E+12,1.19575E+12
Montenegro,MNE,1159869246,1284685051,1707710053,2073234418,2257174481,2721903149,3680711744,4545674528,4159330370,4143033276,4544516982,4087725813,4464260489,4587928884,4052913386,4374128319,4844592067,5504166667,5542674317,4769860741
Mongolia,MNG,1267997934,1396555720,1595297356,1992066808,2523471532,3414055566,4234999823,5623216449,4583850368,7189481824,10409797649,12292770631,12582122604,12226514722,11619892396,11181350461,11480847745,13178094459,14206359007,13312981595
Northern Mariana Islands,MNP,,1284000000,1239000000,1210000000,1061000000,990000000,938000000,939000000,795000000,799000000,729000000,746000000,772000000,832000000,910000000,1230000000,1560000000,1302000000,1182000000,
Mozambique,MOZ,5398568544,5677003239,6303391144,7631120533,8542070110,9176889070,10450843291,12556195189,11914471497,11104648673,14381552433,16350804543,16974320551,17716084108,15950969019,11936999283,13219084261,14845870051,15384701798,14019446610
Mauritania,MRT,1746064719,1777058593,2051147607,2362501023,2936019526,3919577286,4346206809,5206444407,4714592493,5628882266,6764635687,6728208836,7223063170,6592537782,6166857629,6398744505,6799075419,7354430040,7889662452,7913680231
Mauritius,MUS,4613630623,4841310240,5816553827,6578844486,6488750453,7028803366,8150138757,9990370016,9128843109,10003670690,11518393367,11668685524,12129642296,12803445934,11692287066,12232463656,13259351418,14181951059,14045808843,10920606198
Malawi,MWI,1716502862,3495748398,3208837077,3476094499,3655909664,3998020177,4432937046,5321012192,6191127665,6959655571,8004000737,6028487929,5518880769,6047813437,6373212641,5433040160,8943543677,9880675786,11025357838,12182348213
Malaysia,MYS,92783947368,1.00846E+11,1.10202E+11,1.24749E+11,1.43534E+11,1.62691E+11,1.93548E+11,2.30814E+11,2.02258E+11,2.55017E+11,2.97952E+11,3.14443E+11,3.23277E+11,3.38062E+11,3.01355E+11,3.01255E+11,3.19112E+11,3.58792E+11,3.65276E+11,3.37006E+11
North America,NAC,1.13245E+13,1.1701E+13,1.2358E+13,1.32449E+13,1.42146E+13,1.514E+13,1.59274E+13,1.62728E+13,1.58302E+13,1.6616E+13,1.73422E+13,1.80318E+13,1.86379E+13,1.93393E+13,1.98015E+13,2.028E+13,2.11994E+13,2.23409E+13,2.31823E+13,2.25446E+13
Namibia,NAM,3557333364,3349184760,4926471294,6609198833,7248394160,8001779551,8839526452,8607475308,8938868165,11431334447,12523402329,13042007432,12043276397,12435416060,11335179562,10721994677,12895153160,13682062249,12496781720,10619194505
New Caledonia,NCL,3297734886,3740056751,4915353825,5895008985,6238629462,6979155409,8819917187,9067619729,8704438061,9364350065,10351448025,9659151909,10151382877,10635035550,8738203042,8724568971,9173670000,9846920284,9438127994,
Niger,NER,2448714681,2782192987,3394084885,3760443966,4383315657,4756361480,5731485267,7297600897,7352131669,7851191899,8772951262,9426913349,10224897935,10862944204,9683867894,10398862245,11185102400,12808660528,12916455161,13741378450
Nigeria,NGA,74030364472,95385819321,1.04912E+11,1.36386E+11,1.76134E+11,2.36104E+11,2.75626E+11,3.39476E+11,2.95009E+11,3.61457E+11,4.04994E+11,4.55502E+11,5.08693E+11,5.46676E+11,4.86803E+11,4.0465E+11,3.75746E+11,3.9719E+11,4.4812E+11,4.32294E+11
Nicaragua,NIC,5323146566,5224213018,5322454926,5795568205,6321335612,6763418646,7423421958,8496946608,8298679909,8758592272,9774262742,10532006608,10982979274,11880434071,12756706583,13286083645,13785876629,13025239912,12611218627,12621505383
Netherlands,NLD,4.31213E+11,4.71614E+11,5.78792E+11,6.57172E+11,6.85093E+11,7.33341E+11,8.47482E+11,9.47998E+11,8.68077E+11,8.46555E+11,9.04086E+11,8.38971E+11,8.76924E+11,8.90981E+11,7.65265E+11,7.83528E+11,8.3181E+11,9.13597E+11,9.10194E+11,9.13865E+11
Norway,NOR,1.73972E+11,1.95524E+11,2.28859E+11,2.64512E+11,3.08884E+11,3.45581E+11,4.00937E+11,4.6225E+11,3.8619E+11,4.28757E+11,4.98283E+11,5.09506E+11,5.22762E+11,4.9841E+11,3.85802E+11,3.68827E+11,3.98394E+11,4.37E+11,4.0551E+11,3.62522E+11
Nepal,NPL,6007055042,6050875807,6330473097,7273938315,8130258041,9043715356,10325618017,12545438605,12854985464,16002656434,21621710003,21703106502,22162208956,22731602970,24360795410,24524098184,28971589213,33111525183,34186180695,33657175561
Nauru,NRU,,,,,,,,,,47564520.39,66055407.67,96927201.48,98491843.64,104654365.2,86529661.37,99723394.96,109359680.2,124021393.7,118724073.8,114626625.6
New Zealand,NZL,53872425917,66627729311,88250885550,1.03905E+11,1.1472E+11,1.11539E+11,1.37189E+11,1.33131E+11,1.21374E+11,1.46518E+11,1.68291E+11,1.76207E+11,1.90907E+11,2.01313E+11,1.78064E+11,1.88943E+11,2.06951E+11,2.12226E+11,2.12891E+11,2.10701E+11
OECD members,OED,2.73597E+13,2.85306E+13,3.19293E+13,3.55461E+13,3.76001E+13,3.9668E+13,4.34075E+13,4.60116E+13,4.30719E+13,4.51891E+13,4.86108E+13,4.85801E+13,4.92306E+13,5.02639E+13,4.74639E+13,4.8398E+13,5.05016E+13,5.34656E+13,5.39835E+13,5.23369E+13
Oman,OMN,19452000476,20142756175,21633708220,24763713001,31081991725,37215779656,42085379489,60905452458,48388363516,56913065779,67871907375,76511069704,78555622509,80686929102,68420257567,65441278668,70585606844,79788768969,76331518669,64648393044
Other small states,OSS,90943070776,98114311646,1.22146E+11,1.51573E+11,1.83627E+11,2.15786E+11,2.64056E+11,3.23027E+11,2.77199E+11,3.22471E+11,3.96935E+11,4.14204E+11,4.32281E+11,4.46199E+11,3.69944E+11,3.65871E+11,3.98012E+11,4.4155E+11,4.32772E+11,3.75853E+11
Pakistan,PAK,79484403985,79904985385,91760542940,1.0776E+11,1.20055E+11,1.37264E+11,1.52386E+11,1.70078E+11,1.68153E+11,1.77166E+11,2.13587E+11,2.24384E+11,2.31219E+11,2.44361E+11,2.70556E+11,2.78655E+11,3.04567E+11,3.14568E+11,2.79057E+11,2.6261E+11
Panama,PAN,12502013400,12994310400,13693981200,15013381700,16374393900,18141666300,21295984230,25155888616,27116635565,29440287581,34686224301,40429734384,45599994005,49921464365,54091713776,57907695409,62202725204,64929409212,66984427150,53977036995
Peru,PER,52030158775,54777553515,58731030122,66768703498,76060606061,88643193062,1.02171E+11,1.20551E+11,1.20823E+11,1.47529E+11,1.71762E+11,1.92649E+11,2.01175E+11,2.00789E+11,1.89805E+11,1.91896E+11,2.11007E+11,2.22575E+11,2.28471E+11,2.02014E+11
Philippines,PHL,78921234457,84307291974,87039145965,95002028505,1.0742E+11,1.27653E+11,1.5598E+11,1.81625E+11,1.75975E+11,2.08369E+11,2.34217E+11,2.61921E+11,2.83903E+11,2.97483E+11,3.06446E+11,3.18627E+11,3.28481E+11,3.46842E+11,3.76823E+11,3.61489E+11
Palau,PLW,156907900,163184900,153963200,165186200,190452900,192382400,198897700,198283900,187522800,185943000,196911100,212397800,221117200,241669800,280457700,298300000,285300000,284700000,274200000,257700000
Papua New Guinea,PNG,3081024212,2999511040,3536411824,3927157867,4865892972,8355006707,9545177014,11670840932,11619637799,14250755231,17984910502,21295659244,21261432791,23210682538,21723531173,20759069103,22742613554,24109509853,24751344552,24668899683
Poland,POL,1.90905E+11,1.99072E+11,2.17827E+11,2.5511E+11,3.06144E+11,3.44622E+11,4.29029E+11,5.33609E+11,4.39738E+11,4.79834E+11,5.28301E+11,4.98524E+11,5.21016E+11,5.42477E+11,4.77812E+11,4.7263E+11,5.26509E+11,5.87412E+11,5.97281E+11,5.96624E+11
Pre-demographic dividend,PRE,2.65114E+11,3.03921E+11,3.30243E+11,4.1231E+11,5.14675E+11,6.4742E+11,7.83964E+11,9.81864E+11,8.91299E+11,1.03728E+12,1.19907E+12,1.30577E+12,1.43515E+12,1.49675E+12,1.31697E+12,1.20422E+12,1.25757E+12,1.3435E+12,1.4062E+12,1.29117E+12
Puerto Rico,PRI,69208400000,71623500000,74827400000,80322313000,83914521300,87276164400,89524131600,93639300000,96385600000,98381300000,1.00352E+11,1.01565E+11,1.0245E+11,1.02446E+11,1.03376E+11,1.04337E+11,1.03446E+11,1.00925E+11,1.04915E+11,1.03138E+11
"Korea, Dem. People's Rep.",PRK,,,,,,,,,,,,,,,,,,,,
Portugal,PRT,1.21499E+11,1.34156E+11,1.64862E+11,1.89035E+11,1.9718E+11,2.08582E+11,2.40191E+11,2.62345E+11,2.43702E+11,2.37881E+11,2.44797E+11,2.16237E+11,2.2637E+11,2.29596E+11,1.99314E+11,2.06286E+11,2.20811E+11,2.42195E+11,2.39987E+11,2.28539E+11
Paraguay,PRY,8495806432,7196260657,7691367471,9624440836,10737500188,13429430050,17856270473,24616537618,22355601273,27237782850,33756238767,33296438306,38651334288,40377987209,36211372703,36089550659,38997129474,40225448341,37906944075,35670301496
West Bank and Gaza,PSE,4003700000,3555800000,3968000000,4603100000,5125700000,5348300000,5815700000,7310400000,8085700000,9681500000,11186100000,12208400000,13515500000,13989700000,13972400000,15405400000,16128000000,16276600000,17133500000,15561300000
Pacific island small states,PSS,3395627477,3564053883,4178053089,4818328915,5329582224,5613654073,6192507725,6609313729,5916221065,6566818383,7713181064,8186804963,8498136739,9226234551,9019345254,9456355296,10212037558,10656209173,10641343380,9530487872
Post-demographic dividend,PST,2.61321E+13,2.72414E+13,3.05559E+13,3.39497E+13,3.57381E+13,3.76078E+13,4.10255E+13,4.33783E+13,4.0867E+13,4.263E+13,4.57868E+13,4.57368E+13,4.61909E+13,4.71328E+13,4.46396E+13,4.56631E+13,4.75926E+13,5.04822E+13,5.09842E+13,4.95387E+13
French Polynesia,PYF,,,,,,,,,,,,,,,,,,,,
Qatar,QAT,17538461538,19363736264,23533791209,31734065934,44530494505,60882142857,79712087912,1.1527E+11,97798351648,1.25122E+11,1.67775E+11,1.86834E+11,1.98728E+11,2.06225E+11,1.6174E+11,1.51732E+11,1.61099E+11,1.83335E+11,1.76371E+11,1.44411E+11
Romania,ROU,40394824679,46066101951,57806506024,74972669057,98452791983,1.22023E+11,1.74585E+11,2.14314E+11,1.74104E+11,1.66309E+11,1.83327E+11,1.70636E+11,1.90801E+11,1.99959E+11,1.77729E+11,1.88129E+11,2.11695E+11,2.41457E+11,2.49882E+11,2.48716E+11
Russian Federation,RUS,3.06602E+11,3.4547E+11,4.30348E+11,5.91017E+11,7.64017E+11,9.89931E+11,1.29971E+12,1.66085E+12,1.22264E+12,1.52492E+12,2.04593E+12,2.2083E+12,2.29247E+12,2.05924E+12,1.36348E+12,1.27679E+12,1.5742E+12,1.65733E+12,1.68745E+12,1.4835E+12
Rwanda,RWA,1965444515,1964779921,2137093489,2375281627,2932213575,3317951468,4068065929,5177015141,5671332138,6121234529,6881038270,7650300320,7815599503,8241332517,8539048448,8690485823,9253098954,9640280084,10355974217,10333991456
South Asia,SAS,6.4587E+11,6.77627E+11,7.91003E+11,9.17089E+11,1.05059E+12,1.19609E+12,1.50419E+12,1.52747E+12,1.68343E+12,2.06078E+12,2.27455E+12,2.30009E+12,2.35961E+12,2.58456E+12,2.69943E+12,2.92645E+12,3.34811E+12,3.43659E+12,3.59725E+12,3.38642E+12
Saudi Arabia,SAU,1.84137E+11,1.89606E+11,2.15808E+11,2.58742E+11,3.2846E+11,3.769E+11,4.15965E+11,5.19797E+11,4.29098E+11,5.28207E+11,6.71239E+11,7.35975E+11,7.46647E+11,7.5635E+11,6.5427E+11,6.44936E+11,6.88586E+11,7.86522E+11,7.92967E+11,7.00118E+11
Sudan,SDN,15716489370,18136839087,21355576673,26645490675,35182105414,45264519503,59440139775,64831935604,51621044077,58962978034,55018567211,37632919967,43024018082,49516748618,51726758677,42630376000,41283617976,30964349685,26155799325,21329109522
Senegal,SEN,6507824767,7006402592,8768721956,10076817278,11009032665,11697918803,13994218939,16853991177,16145868285,16121314671,17814284622,17660871726,18918668644,19797254643,17774766636,19040312815,20996564752,23116699808,23306213742,24644234595
Singapore,SGP,89794943350,92537752709,97645448284,1.15035E+11,1.27808E+11,1.4863E+11,1.80942E+11,1.93612E+11,1.94152E+11,2.39809E+11,2.79351E+11,2.95087E+11,3.07576E+11,3.14851E+11,3.08004E+11,3.18764E+11,3.43338E+11,3.75982E+11,3.74386E+11,3.39998E+11
Solomon Islands,SLB,409435392.2,346431958.3,352522682.2,397611126.7,476898763.6,538668769.3,620230005.2,699157191,735940409.7,846797693.6,1049952233,1190994127,1284698922,1335538893,1307061544,1378551118,1483758907,1574599183,1570093229,1545888426
Sierra Leone,SLE,1090467712,1253340520,1385810072,1448536631,1650494367,1885112202,2158496873,2505458705,2453899847,2578026297,2942546781,3801862611,4920343195,5015157816,4218723875,3674794530,3719369107,4085114794,4076578543,4063289450
El Salvador,SLV,12282533600,12664190300,13243892200,13724810900,14698000000,15999890000,17011750000,17986890000,17601620000,18447920000,20283780000,21386150000,21990960000,22593470000,23438240000,24191430000,24979190000,26020850000,26896660000,24638720000
San Marino,SMR,1077413479,1168269231,1464326161,1723750000,1785847531,1908167106,2185874624,2393437820,2056126702,1881214371,1813752784,1604779648,1678841812,1673973695,1419394771,1468377272,1528630707,1655300873,1616369646,
Somalia,SOM,,,,,,,,,,,,,3892402685,3963532302,4048860871,4198485404,4508845348,4720727283,4942319041,4988441440
Serbia,SRB,12960538724,17120906918,22482365322,26141968161,27683225959,32482070360,43170990616,52194221469,45162894381,41819468692,49258136129,43309252921,48394239475,47062206678,39655958843,40692643373,44179055280,50640650221,51514222382,53335016425
Sub-Saharan Africa (excluding high income),SSA,4.05202E+11,4.40427E+11,5.55266E+11,6.90424E+11,8.20102E+11,9.66851E+11,1.12052E+12,1.27323E+12,1.21799E+12,1.43714E+12,1.61232E+12,1.67618E+12,1.78302E+12,1.83389E+12,1.678E+12,1.56114E+12,1.66647E+12,1.75187E+12,1.80137E+12,1.70234E+12
South Sudan,SSD,,,,,,,,14586253383,12231264525,14602072411,14907308933,11931472169,18426469017,13962212847,11997800760,,,,,
Sub-Saharan Africa,SSF,4.05828E+11,4.41129E+11,5.55976E+11,6.91268E+11,8.21025E+11,9.67871E+11,1.12155E+12,1.2742E+12,1.21883E+12,1.43811E+12,1.61338E+12,1.67724E+12,1.78435E+12,1.83524E+12,1.67938E+12,1.56257E+12,1.668E+12,1.75341E+12,1.80295E+12,1.7034E+12
Small states,SST,1.29579E+11,1.3866E+11,1.65859E+11,1.9964E+11,2.37866E+11,2.77064E+11,3.32119E+11,3.99977E+11,3.42525E+11,3.93562E+11,4.74317E+11,4.94442E+11,5.14124E+11,5.29896E+11,4.52207E+11,4.44926E+11,4.79918E+11,5.27519E+11,5.19587E+11,4.51424E+11
Sao Tome and Principe,STP,75951210.69,85171308.17,102085583.5,114582561.6,136450274.7,142775597.3,149146423.1,188021190.6,187820464.6,196652514.3,231489270.1,250680845.7,300554483.6,346528329.2,316066072.3,345495615,375614126.2,412253809.7,427425039.7,472914469.9
Suriname,SUR,834279357.8,1093574468,1274190311,1484092538,1793388732,2626380435,2936612022,3532969035,3875409836,4368398048,4422276622,4980000000,5145757576,5240606061,5126291451,3317438911,3591623596,3996247906,3984483762,2884248048
Slovak Republic,SVK,30752150336,35130340674,46816589165,57332015148,62785305310,70708098106,86454081577,1.0047E+11,89046289247,90712671901,99362720494,94258572686,98541305462,1.00955E+11,88601289843,89614053144,95157888667,1.05561E+11,1.05284E+11,1.05173E+11
Slovenia,SVN,20876309970,23489890274,29634713641,34414784504,36206395971,39481045038,48006372844,55552509155,50368056405,48161250405,51516366655,46580457470,48401896808,49930685013,43090173395,44736333522,48469082710,54137142149,54178877606,53589609581
Sweden,SWE,2.42396E+11,2.66849E+11,3.34337E+11,3.85118E+11,3.92218E+11,4.23093E+11,4.91253E+11,5.17706E+11,4.36537E+11,4.95813E+11,5.74094E+11,5.52484E+11,5.86842E+11,5.81964E+11,5.05104E+11,5.15655E+11,5.41019E+11,5.55455E+11,5.3388E+11,5.4122E+11
Eswatini,SWZ,1542477309,1432228125,2197612701,2770082792,3178126492,3291353836,3469363996,3294093485,3580417067,4438778424,4820499924,4886533033,4597532030,4422968340,4063245671,3816022047,4402969226,4665420239,4495679481,3972728948
Sint Maarten (Dutch part),SXM,,,,,,,,,,,936089385.5,985865921.8,1022905028,1245251397,1253072626,1263687151,1191620112,1185474860,,
Seychelles,SYC,622262057.2,697518248.2,705704816,839319927.3,919103254.5,1016418229,1033561654,967199594,847397850.1,969936525.3,1065826670,1060226126,1328157609,1343007845,1377495054,1426651769,1528242026,1547690759,1582841059,1059886364
Syrian Arab Republic,SYR,86771314031,90558485523,95693808463,1.12863E+11,1.34204E+11,1.538E+11,1.8003E+11,2.1809E+11,2.24562E+11,2.52518E+11,64315437939,42807315976,20345458471,21239000398,16492072144,12356980639,16112991412,21490335086,22777882165,
Turks and Caicos Islands,TCA,358744800,366707910,409753640,485598810,578645760,721891470,773489740,862683630,703175750,686787810,728789570,727161000,754238000,841070000,942070000,1032452000,1022365000,1113178000,1197415000,924583000
Chad,TCD,1710843361,1997005787,2742815195,4422855929,6649307057,7428701809,8650138069,10393834721,9290728773,10668102735,12172309523,12367363678,12953535496,13940768066,10950392220,10097778354,10000395242,11239167048,11314951343,10829076802
East Asia & Pacific (IDA & IBRD countries),TEA,2.29197E+12,2.71813E+12,3.36511E+12,4.09958E+12,4.95157E+12,6.19386E+12,8.23552E+12,1.08321E+13,1.20306E+13,1.43824E+13,1.74412E+13,1.07606E+13,1.18132E+13,1.27349E+13,1.32642E+13,1.35429E+13,1.48005E+13,1.65539E+13,1.71136E+13,1.74267E+13
Europe & Central Asia (IDA & IBRD countries),TEC,9.09749E+11,1.02302E+12,1.25792E+12,1.62813E+12,2.04004E+12,2.46759E+12,3.17362E+12,3.92905E+12,3.11472E+12,3.65963E+12,4.4448E+12,4.64105E+12,4.92093E+12,4.64659E+12,3.62711E+12,3.49078E+12,3.9126E+12,4.07365E+12,4.15345E+12,3.87673E+12
Togo,TGO,1482437752,1706698099,2115836353,2259992642,2281482855,2351584608,2662612348,3323677130,3379258565,3429461495,3872459250,3873308389,4321655656,4574986537,4180866177,6031632168,6395472574,7112200725,7220395248,7574636979
Thailand,THA,1.20296E+11,1.34301E+11,1.52281E+11,1.72896E+11,1.89319E+11,2.21758E+11,2.62942E+11,2.91383E+11,2.8171E+11,3.41105E+11,3.70819E+11,3.97558E+11,4.20333E+11,4.07339E+11,4.01296E+11,4.13366E+11,4.56357E+11,5.06611E+11,5.44264E+11,5.01644E+11
Tajikistan,TJK,1080768907,1221120799,1555301496,2076182461,2312327536,2830220713,3719506173,5161337336,4979481980,5642178580,6522732203,7633049792,8448469838,9112544556,8271454301,6992393787,7536439875,7765014424,8300784857,8194150302
Turkmenistan,TKM,3534803922,4461978499,5977560877,6838351088,8103901996,10276674365,12664165103,19271523179,20214385965,22583157895,29233333333,35164210526,39197543860,43524210526,35799714286,36169428571,37926285714,40765428571,45231428571,
Latin America & the Caribbean (IDA & IBRD countries),TLA,2.11938E+12,1.88613E+12,1.92099E+12,2.22499E+12,2.70927E+12,3.18625E+12,3.77359E+12,4.40752E+12,4.12949E+12,5.15915E+12,5.88516E+12,5.94253E+12,6.09059E+12,6.20969E+12,5.14258E+12,5.0145E+12,5.59091E+12,5.46207E+12,5.37651E+12,4.47821E+12
Timor-Leste,TLS,477443500,469506700,490439100,440764600,462283600,453805100,542795400,648492700,726882400,881827800,1042411500,1160389500,1395519600,1447307100,1594410900,1650618500,1615609700,1583876200,2047931700,1902156800
Middle East & North Africa (IDA & IBRD countries),TMN,5.33951E+11,5.19902E+11,5.67774E+11,6.74691E+11,7.96901E+11,9.24583E+11,1.13407E+12,1.40005E+12,1.36447E+12,1.56984E+12,1.55444E+12,1.68773E+12,1.5583E+12,1.53367E+12,1.37189E+12,1.38849E+12,1.36856E+12,1.30394E+12,1.3264E+12,1.18018E+12
Tonga,TON,181116952.8,182763693.9,202246959.7,230657965.5,261797606.1,292232117.1,298513956.2,344428609,312377379.3,366840012.4,414523388.5,470714083.4,450643615.2,439878828,437006227.2,420540178.6,460379145,489235527.4,512350059.4,488829964.1
South Asia (IDA & IBRD),TSA,6.4587E+11,6.77627E+11,7.91003E+11,9.17089E+11,1.05059E+12,1.19609E+12,1.50419E+12,1.52747E+12,1.68343E+12,2.06078E+12,2.27455E+12,2.30009E+12,2.35961E+12,2.58456E+12,2.69943E+12,2.92645E+12,3.34811E+12,3.43659E+12,3.59725E+12,3.38642E+12
Sub-Saharan Africa (IDA & IBRD countries),TSS,4.05828E+11,4.41129E+11,5.55976E+11,6.91268E+11,8.21025E+11,9.67871E+11,1.12155E+12,1.2742E+12,1.21883E+12,1.43811E+12,1.61338E+12,1.67724E+12,1.78435E+12,1.83524E+12,1.67938E+12,1.56257E+12,1.668E+12,1.75341E+12,1.80295E+12,1.7034E+12
Trinidad and Tobago,TTO,8824873259,9008273721,11305459802,13280275123,15982282462,18369361094,21641620050,27871587350,19172165226,22157948396,25433011405,25763220107,27268478565,27615843098,24959858249,22386264807,22385426654,23679919655,23208326548,21588037505
Tunisia,TUN,22066031834,23142153760,27453007373,31183059012,32273007554,34377310293,38914078352,44860969077,43454935940,46206331261,48122838145,47311196335,48683848564,50271342086,45780069047,44360775649,42163974956,42570270107,41804581484,41620349986
Turkey,TUR,2.01751E+11,2.40253E+11,3.14592E+11,4.08876E+11,5.06308E+11,5.57058E+11,6.81337E+11,7.70462E+11,6.49273E+11,7.76993E+11,8.38763E+11,8.80556E+11,9.57783E+11,9.38953E+11,8.64317E+11,8.69693E+11,8.58996E+11,7.78472E+11,7.61004E+11,7.19955E+11
Tuvalu,TUV,13196544.95,15450994.24,18231078.54,21534931.61,21839098.89,22902861.45,27030374.03,30290219.76,27101076.28,31823518.62,38711810.21,37671774.69,37509075.11,37290607.54,35492074.22,36547799.58,40619251.99,42588164.97,47271463.33,48855550.2
Tanzania,TZA,13581644246,14142035080,15224257698,16675948415,18399046025,18649590248,21843529025,27941177435,29081425282,32014249841,34657139495,39650530214,45680532614,49964788814,47378599025,49774021003,53320625959,57003713611,61136873692,62409709111
Uganda,UGA,5840503869,6178563591,6606884391,7939487474,9239221859,9977647645,11902564401,14440404021,25127805566,26673441667,27871725206,27305915761,28915786997,32612397758,32387183845,29203988815,30744473912,32927025573,35353060634,37600368181
Ukraine,UKR,39309580983,43956369917,52010238716,67220154164,89239370109,1.11885E+11,1.48734E+11,1.88111E+11,1.21553E+11,1.4121E+11,1.69333E+11,1.82592E+11,1.90499E+11,1.33503E+11,91030959455,93355993629,1.12091E+11,1.30891E+11,1.53883E+11,1.55499E+11
Upper middle income,UMC,4.33682E+12,4.37474E+12,4.90192E+12,5.87703E+12,7.06556E+12,8.39339E+12,1.0424E+13,1.27152E+13,1.22248E+13,1.48408E+13,1.78902E+13,1.91576E+13,2.05784E+13,2.12189E+13,1.99218E+13,1.98206E+13,2.19395E+13,2.36387E+13,2.40353E+13,2.31507E+13
Uruguay,URY,20898788417,13606494599,12045631093,13686329890,17362857684,19579457966,23410572634,30366213119,31660911277,40284481652,47962439304,51264390116,57531233351,57236013086,53274304222,57236652490,64233966861,64515038268,61231149881,53628827440
United States,USA,1.05818E+13,1.09364E+13,1.14582E+13,1.22137E+13,1.30366E+13,1.38146E+13,1.44519E+13,1.47128E+13,1.44489E+13,1.49921E+13,1.55426E+13,1.6197E+13,1.67848E+13,1.75272E+13,1.82383E+13,1.87451E+13,1.9543E+13,2.06119E+13,2.14332E+13,2.08937E+13
Uzbekistan,UZB,11401421329,9687788513,10134453435,12030023548,14307509839,17330833853,22311393928,29549438884,33689223673,49765676402,60178909297,67517349212,73180036692,80845384375,86196265192,86138288615,62081323299,52633143808,59907674027,59929951114
St. Vincent and the Grenadines,VCT,430040740.7,461885185.2,481807407.4,521974074.1,550729629.6,610929629.6,684444444.4,695429629.6,674922222.2,681225925.9,676129629.6,692933333.3,721207407.4,727714814.8,755400000,774429629.6,792177777.8,811300000,825040740.7,807474074.1
"Venezuela, RB",VEN,1.22904E+11,92893587734,83620628582,1.12453E+11,1.4551E+11,1.83478E+11,2.30364E+11,3.15953E+11,3.29788E+11,3.93192E+11,3.16482E+11,3.81286E+11,3.71005E+11,4.82359E+11,,,,,,
British Virgin Islands,VGB,,,,,,,,,,,,,,,,,,,,
Virgin Islands (U.S.),VIR,,3262000000,3443000000,3797000000,4428000000,4484000000,4784000000,4244000000,4201000000,4324000000,4223000000,4089000000,3738000000,3565000000,3663000000,3798000000,3794000000,3900000000,4068000000,
Vietnam,VNM,32685198735,35064105501,39552513316,45427854693,57633255618,66371664817,77414425532,99130304099,1.06015E+11,1.15932E+11,1.35539E+11,1.5582E+11,1.71222E+11,1.86205E+11,1.93241E+11,2.05276E+11,2.2378E+11,2.45214E+11,2.61921E+11,2.71158E+11
Vanuatu,VUT,257926881.7,262596597.8,314471328.1,364996869.1,394962552.3,439376794.1,516392922.5,590748237,592622502.4,670713208.1,770153304.2,747839697.7,758304466.2,772315721.3,730870581.7,780889605.9,880043553.7,914727908.1,934521604.6,881547928.6
World,WLD,3.40558E+13,3.55607E+13,4.01851E+13,4.55167E+13,4.9623E+13,5.42281E+13,6.18364E+13,6.88776E+13,6.62874E+13,7.30176E+13,8.14928E+13,7.5356E+13,7.74274E+13,7.95311E+13,7.51008E+13,7.6294E+13,8.11819E+13,8.62512E+13,8.75552E+13,8.46799E+13
Samoa,WSM,273088357.2,288078881.4,338838639.4,420320176.4,465568018.3,505832439.8,570469196.7,619260721.6,584706020.2,663155955,737147951.1,760319276,770059551,756805940.2,787958585.9,799493884.3,832025574,821286927.5,852007112.7,807100820.6
Kosovo,XKX,,,,,,,,5181776769,5015894693,5344014318,6341737194,6163785173,6735731173,7074657898,6295820482,6682832632,7180813376,7878508503,7899879086,7716925356
"Yemen, Rep.",YEM,9861560095,10694628092,11777966673,13872791659,16746344766,19061978586,21650532264,26910851362,25130274124,30906749533,32726417212,35401341663,40415235702,43228585321,42445102387,31317365269,26840128755,21606140907,,
South Africa,ZAF,1.3543E+11,1.29088E+11,1.9702E+11,2.55807E+11,2.88868E+11,3.03861E+11,3.33075E+11,3.16132E+11,3.29753E+11,4.17365E+11,4.58202E+11,4.34401E+11,4.00886E+11,3.81199E+11,3.4671E+11,3.23586E+11,3.81449E+11,4.04842E+11,3.87935E+11,3.35442E+11
Zambia,ZMB,4094480988,4193845678,4901839731,6221077675,8331870169,12756858899,14056957976,17910858638,15328342304,20265559484,23459515276,25503060420,28037239463,27141023558,21251216799,20958412538,25873601261,26311590297,23308667781,18110631358
Zimbabwe,ZWE,6777384700,6342116400,5727591800,5805598400,5755215200,5443896500,5291950100,4415702800,9665793300,12041655200,14101920300,17114849900,19091020000,19495519600,19963120600,20548678100,17584890937,18115543791,19284289739,18051170799
